{
  "forward_speed": 5.174724898753341,
  "backward_speed": 2.0,
  "turn_left_deg_per_sec": 84.88596705781873,
  "turn_right_deg_per_sec": 57.71831603102707,
  "rotation_sign": -1,
  "forward_sample_duration": 1.0,
  "rotation_sample_duration": 0.45,
  "settle_delay": 0.12,
  "timestamp": "2025-11-05T22:06:22",
  "forward_vector": [
    -1.3333333333333333,
    5.0
  ],
  "backward_vector": [
    0.0,
    -2.0
  ],
  "diagonal_vectors": {
    "wa": [
      -4.666666666666667,
      3.6666666666666665
    ],
    "wd": [
      1.0,
      5.333333333333333
    ],
    "sa": [
      0.0,
      -1.6666666666666667
    ],
    "sd": [
      1.6666666666666667,
      -1.3333333333333333
    ]
  },
  "diagonal_speeds": {
    "wa": 5.934831271588286,
    "wd": 5.426273532033235,
    "sa": 1.6666666666666667,
    "sd": 2.1343747458109497
  },
  "diagonal_components": {
    "wa": [
      4.745287147819454,
      3.5643333327512643
    ],
    "wd": [
      4.895590360646314,
      -2.340435742589685
    ],
    "sa": [
      -1.6103915660020771,
      0.42943775093388725
    ],
    "sd": [
      -1.717751003735549,
      -1.2668413652549675
    ]
  },
  "diagonal_sample_duration": 1.0
}